{
  "version": 1,
  "author": "Anonymous maker",
  "editor": "wokwi",
  "parts": [
    { "type": "wokwi-arduino-uno", "id": "uno", "top": -37.8, "left": -29.4, "attrs": {} },
    { "type": "wokwi-potentiometer", "id": "pot1", "top": 190.7, "left": 124.6, "attrs": {} },
    { "type": "wokwi-a4988", "id": "drv1", "top": 100.8, "left": 321.6, "attrs": {} },
    {
      "type": "wokwi-stepper-motor",
      "id": "stepper1",
      "top": -63.59,
      "left": 413.23,
      "attrs": { "size": "17" }
    },
    { "type": "wokwi-vcc", "id": "vcc1", "top": 10.36, "left": 384, "attrs": {} },
    { "type": "wokwi-gnd", "id": "gnd1", "top": 182.4, "left": 393, "attrs": {} }
  ],
  "connections": [
    [ "uno:GND.2", "pot1:GND", "black", [ "v28.7", "h-53.7", "v96", "h67.2" ] ],
    [ "uno:5V", "pot1:VCC", "red", [ "v19.1", "h-63.4", "v115.2", "h105.6", "v9.6" ] ],
    [ "uno:A0", "pot1:SIG", "green", [ "v28.7", "h51.8", "v96", "h-67.2" ] ],
    [ "uno:2", "drv1:DIR", "green", [ "v-28.8", "h71.3", "v230.4" ] ],
    [ "uno:3", "drv1:STEP", "green", [ "v-38.4", "h90.4", "v230.4" ] ],
    [ "stepper1:A-", "drv1:1A", "green", [ "v0" ] ],
    [ "stepper1:A+", "drv1:1B", "green", [ "v0" ] ],
    [ "drv1:2B", "stepper1:B+", "green", [ "h124.95", "v-9.52" ] ],
    [ "drv1:2A", "stepper1:B-", "green", [ "h0" ] ],
    [ "drv1:VMOT", "vcc1:VCC", "green", [ "h19.35", "v0.08" ] ],
    [ "drv1:GND.2", "gnd1:GND", "black", [ "h28.95", "v0.08" ] ],
    [ "drv1:RESET", "drv1:SLEEP", "green", [ "h-19.2", "v9.6" ] ]
  ],
  "dependencies": {}
}