{
  "version": 1,
  "author": "Anonymous maker",
  "editor": "wokwi",
  "parts": [
    { "type": "wokwi-arduino-uno", "id": "uno", "top": 67.8, "left": 9, "attrs": {} },
    {
      "type": "wokwi-stepper-motor",
      "id": "stepper1",
      "top": -34.79,
      "left": 422.83,
      "attrs": { "size": "17" }
    },
    { "type": "wokwi-a4988", "id": "drv1", "top": 158.4, "left": 302.4, "attrs": {} },
    { "type": "wokwi-vcc", "id": "vcc1", "top": 0.76, "left": 364.8, "attrs": {} },
    { "type": "wokwi-gnd", "id": "gnd1", "top": 240, "left": 393, "attrs": {} }
  ],
  "connections": [
    [ "drv1:1A", "stepper1:A-", "green", [ "h124.95", "v0.08" ] ],
    [ "drv1:1B", "stepper1:A+", "green", [ "h0" ] ],
    [ "drv1:2A", "stepper1:B-", "green", [ "h0" ] ],
    [ "stepper1:B+", "drv1:2B", "green", [ "v28.8" ] ],
    [ "vcc1:VCC", "drv1:VMOT", "red", [ "v124.8", "h-9.6" ] ],
    [ "drv1:GND.2", "gnd1:GND", "black", [ "h38.55", "v0.08" ] ],
    [ "drv1:RESET", "drv1:SLEEP", "green", [ "h-19.2", "v9.6" ] ],
    [ "uno:5", "drv1:DIR", "green", [ "v-19.2", "h71", "v172.8", "h19.2" ] ],
    [ "uno:2", "drv1:STEP", "green", [ "v-28.8", "h52.1", "v172.8" ] ]
  ],
  "dependencies": {}
}